sID,PosX,PosY,PosZ,Area,Intensity_Center_Ch_01,Intensity_Center_Ch_02,Intensity_Max_Ch_01,Intensity_Max_Ch_02,Intensity_Mean_Ch_01,Intensity_Mean_Ch_02,Intensity_Median_Ch_01,Intensity_Median_Ch_02,Intensity_Min_Ch_01,Intensity_Min_Ch_02,Intensity_StdDev_Ch_01,Intensity_StdDev_Ch_02,Intensity_Sum_Ch_01,Intensity_Sum_Ch_02,Sphericity,Volume
586,43.4637,169.589,2.76771,311.785,1029.7,725.792,1367,932,454.232,432.228,357.875,385.867,263,250,225.361,135.234,117646,111947,7975.98,368.75
587,214.43,192.177,5.56631,993.396,418.343,1098.49,777,2879,319.908,600.161,290.598,464,256,303,77.1951,363.954,426757,800615,7519.07,1919.57
588,188.256,207.454,5.58169,723.383,407.25,969.544,582,1897,308.692,555.852,290.27,479.168,253,312,51.5653,247.369,256214,461357,7567.36,1204.32
589,81.2001,2.67317,3.58179,188.311,304.233,308.963,374,464,317.407,351.008,313.813,341.625,267,288,20.3115,36.5697,37454,41419,6691.09,132.994
590,197.74,161.999,4.61972,593.572,551.044,1848.22,596,2022,330.298,664.401,298.805,513.266,247,290,78.6199,376.137,234181,471060,8450.62,1056.37
591,22.7005,160.531,7.0439,1216.41,661.641,519.648,1589,1070,441.236,391.049,368.102,357.172,259,248,215.909,117.818,596551,528698,6388.29,2036.9
592,32.0153,168.379,4.62681,744.984,1052.7,663.072,1280,897,465.35,394.674,385.273,357.844,262,249,213.304,119.021,357389,303110,7133.96,1152.1
593,131.376,171.559,4.38177,686.305,508.168,515.188,630,773,359.291,381.4,332.965,352.813,273,275,68.3029,82.1487,248989,264310,7050.48,1000.87
594,205.251,183.224,4.69775,595.349,482.775,1387.81,601,1880,324.779,637.879,294.75,494,251,296,69.5672,334.536,233841,459273,8345.65,1041.41
595,67.4927,19.7573,4.49526,196.827,527.277,416.931,662,532,399.891,334.218,370.188,316.781,294,248,83.8252,55.461,58784,49130,9325.86,233.848
597,105.89,176.436,5.24287,98.4891,269.126,381.329,292,415,277.76,375.48,277.984,372.719,269,333,5.13176,20.5126,13888,18774,6460.08,47.7214
598,197.766,196.674,8.89175,1813.93,364.819,872.021,934,3411,331.616,653.278,295.422,500.988,250,294,90.1413,410.559,1111910,2190440,7770.55,4976.03
599,123.626,135.207,7.38962,127.312,288.982,434.474,317,510,285.366,423.746,282.828,421.496,263,347,13.1812,44.7636,20261,30086,8464.57,105.192
600,212.092,164.289,9.96196,988.902,327.127,675.534,577,1903,312.962,581.467,293.43,486.969,250,299,58.277,268.069,435330,808821,8098.66,2131.2
601,114.275,165.611,6.28106,188.114,293.316,425.954,301,480,283.312,386.976,282.934,379.383,264,321,8.2811,34.066,35414,48372,8166.41,179.04
602,62.3041,168.302,5.29015,39.8896,265,334.75,283,407,273.15,378.1,272,379.93,267,341,4.96267,14.6455,5463,7562,7845.96,16.4639
603,72.941,175.938,7.31249,403.879,280.63,475.55,323,647,282.099,424.622,280.977,405.215,257,316,12.7285,61.3365,97042,146070,7468.96,492.652
604,16.5791,189.971,6.79013,72.3882,269.718,384.975,286,474,275.667,390.538,275.941,386.988,261,339,5.56715,30.6092,10751,15231,8250.68,43.402
605,142.096,220.531,7.17179,257.795,279.081,393.786,321,540,280.388,401.857,276.938,393.422,261,328,12.5917,40.7457,54956,78764,7436.53,249.598
606,338.684,91.8628,2.66258,428.643,369.111,867.759,436,1313,315.437,594.533,308.758,567.102,253,308,43.9281,205.251,134376,253271,8073.27,605.329
607,245.13,119.915,3.84025,180.351,282.326,433.938,295,543,273.606,406.926,273.945,394.48,260,350,6.88539,38.726,25719,38251,6692.61,124.694
608,278.062,157.613,1.41934,37.4231,288.848,378.239,291,431,280.913,378.13,280.938,374.82,268,329,6.61877,24.3066,6461,8697,6982.63,12.5606
609,255.319,160.485,2.54951,387.221,445.332,1189.86,595,1819,330.555,647.363,295.727,498.422,256,303,80.3455,348.15,116686,228519,7955.87,508.444
610,233.016,177.124,1.38976,102.694,271.68,340.187,288,498,276.05,398.35,275.914,393.859,262,343,6.26282,35.9826,16563,23901,5125.39,35.9074
611,309.175,183.91,2.80343,903.205,805.581,542.179,1118,764,509.392,378.772,439.59,339.898,279,247,189.785,104.14,519070,385969,6915.69,1467.94
612,240.4,203.962,3.534,645.048,464.171,1207.29,669,2055,341.043,692.219,296.875,497.719,253,291,98.0117,427.711,248620,504628,7922.61,1086.34
613,226.705,56.7674,3.69805,214.574,279.605,452.755,299,550,274.675,417.388,272.984,404.887,254,347,10.9144,45.5074,43948,66782,8357.82,225.828
614,231.367,105.485,4.54183,377.128,292.39,550.16,342,765,285.867,466.877,283.887,452.449,255,318,17.3787,89.9043,88047,143798,7723.9,467.479
615,282.731,36.2758,7.76518,318.263,1088.33,768.345,1198,863,472.374,373.354,393.801,320.953,283,249,196.971,121.878,140295,110886,8949.09,451.981
616,324.455,36.9918,7.07253,1067.77,1926.68,951.689,2490,1276,654.926,429.023,447.125,337.125,274,240,467.96,210.006,1088490,713037,8322.46,2490.98
617,312.305,48.8142,7.17941,684.821,668.557,437.442,1463,803,496.655,353.796,419.125,324.922,270,239,205.423,91.9776,424640,302496,8493.6,1319.1
618,237.668,65.0364,7.10229,100.304,276.787,442.461,284,498,272.406,415.058,273,405.457,262,349,5.38507,36.7903,18796,28639,9474.22,87.1095
619,233.487,87.389,6.20655,286.828,313.903,616.833,330,716,286.934,451.137,282.797,428.383,254,318,16.4495,89.7189,64847,101957,7968.82,324.936
621,132.452,250.794,2.68447,418.745,522.67,765.919,555,880,352.031,449.848,328.438,405.859,265,285,69.5566,125.694,136940,174991,7558.3,529.462
622,209.141,380.11,2.23664,265.47,321.436,562.139,325,583,288.627,405.196,287,393.664,261,321,12.5641,47.823,60323,84686,6827.63,229.458
623,174.294,387.981,2.44409,138.059,294.576,413.933,318,489,288.402,398.585,286.875,392.719,270,333,11.4126,33.0061,23649,32684,6937.03,88.1316
624,147.242,399.923,4.20635,208.006,289.34,358.694,324,570,290.297,404.601,286.969,394.395,264,327,14.9526,50.2926,40061,55835,7593.01,186.642
625,196.315,223.517,5.79628,641.566,524.993,1465.83,651,2172,332.014,654.042,292.523,482.813,252,300,86.1456,394.655,265943,523888,8395.59,1175.47
626,116.702,243.901,5.09554,159.284,265.391,328.854,288,450,272.522,383.444,271.953,376.594,262,342,5.87145,26.6064,24527,34510,6199.73,92.2767
627,164.285,264.772,5.53235,794.829,1454.43,745.755,1727,894,545.968,365.022,428.141,323.434,275,239,280.139,117.503,578726,386923,8318.87,1598.75
628,175.154,222.09,11.0391,1258.52,357.283,785.141,466,1273,301.612,510.183,289.656,454.563,250,303,36.0284,158.512,601113,1016800,7875.88,2934.37
629,134.331,237.233,6.38992,207.238,314.264,414.773,411,647,323.694,398.515,314.922,371.41,268,296,34.1279,77.3481,43375,53401,7767.3,192.035
630,105.821,251.477,6.90518,371.091,305.262,504.086,347,736,283.617,438.118,277.969,411.676,253,327,19.7059,88.1066,96146,148522,8150.48,494.617
631,23.2783,261.934,6.37186,620.859,917.072,530.045,2596,1172,556.074,375.814,399.094,320.188,272,248,387.164,153.464,419280,283364,8337.89,1107.51
632,198.532,297.269,6.16013,390.885,350.352,367.278,426,461,342.447,357.336,340.828,353.773,288,278,29.9133,36.1232,108898,113633,7660.99,487.276
633,280.417,280.645,3.37659,1080.52,1369.22,604.615,2520,1094,652.428,414.539,452.391,358.297,258,234,449.97,168.727,809663,514443,6790.51,1868.86
634,315.137,290.243,3.18992,367.47,1177.24,596.191,1627,725,604.251,361.325,503.289,322.531,289,239,301.795,109.995,213905,127909,8480.54,517.299
635,301.314,309.176,2.33888,169.52,287.553,450.675,308,536,282.822,406.729,281,404.836,260,330,10.8756,42.3812,36484,52468,7565.9,136.583
636,304.267,290.028,5.20767,702.083,1780.57,796.212,2184,1021,618.954,390.509,447.891,338.063,260,237,414.986,154.616,525492,331542,7734.17,1189.81
637,281.707,388.495,7.28228,527.25,342.979,555.734,379,659,299.933,431.734,292.75,409.461,259,308,25.9083,76.2723,151166,217594,7590.83,752.892
638,261.17,393.387,7.17233,98.2799,269.858,318.433,309,429,292.914,353.914,292.867,352.605,274,306,7.86405,25.5244,16989,20527,5935.49,41.8944
639,65.972,3.29276,7.26108,380.616,446.955,415.989,911,786,407.204,392.988,351.664,352.063,266,262,118.504,108.661,138042,133223,7890.08,489.358
640,76.175,39.2467,8.11455,494.808,412.455,488.345,601,630,331.563,374.829,319.984,361.609,271,274,46.2572,60.6283,135941,153680,6967.66,601.949
641,2.62858,119.609,10.1393,379.333,328.778,430.745,370,515,306.702,374.816,302.711,369.875,271,299,19.9898,40.1281,91704,112070,7009.06,407.656
642,36.2885,155.101,8.11392,437.757,377.402,327.689,618,512,370.223,329.169,359.105,322.531,271,254,63.5354,42.8394,131429,116855,7408.32,549.165
643,214.507,177.184,8.3457,661.461,396.939,906.867,434,1159,301.557,524.805,287.547,453.531,252,299,39.3237,183.302,261450,455006,8855.48,1333.06
644,4.16573,6.43258,10.2506,188.457,279.014,444.661,285,484,270.712,395.312,270.953,385.719,254,336,6.43303,33.5033,33839,49414,7775.88,166.807
645,78.5153,21.7475,11.0696,484.341,381.186,360.639,511,549,336.592,353.169,322.703,341.93,277,264,42.2431,50.747,131271,137736,6776.94,559.18
646,2.20382,32.225,10.6914,121.291,277.335,398.004,297,505,273.785,402.569,270.984,396.789,261,343,9.17647,33.7491,17796,26167,6878.71,71.6597
647,84.1575,36.1111,9.82456,469.494,339.882,436.434,503,660,333.156,389.876,319.406,366.039,268,278,47.7603,79.6113,125933,147373,7025.5,563.294
648,98.1384,53.1788,12.1527,968.186,613.398,801.995,685,898,366.299,417.998,338.008,377.297,262,278,82.1946,116.823,372526,425104,6739.14,1567.18
649,2.80857,62.4142,11.7502,370.697,839.031,592.678,942,771,450.976,383.857,389.531,339.176,278,252,155.388,111.362,151077,128592,8060.77,485.7
650,201.232,123.189,10.7711,281.375,917.546,535.843,2094,956,482.872,372.16,358.359,335.781,273,244,303.705,113.435,120718,93040,9033.72,381.067
651,154.522,127.169,12.0914,607.575,587.18,1937.64,743,2609,328.555,665.48,287.516,470.445,251,299,90.8961,438.7,253316,513085,8752.76,1153.16
652,214.394,128.068,10.6867,452.966,394.578,411.044,579,707,351.242,400.783,337.828,380.559,264,274,62.4379,82.2263,155249,177146,8337.16,690.08
653,206.643,128.801,15.5718,77.5206,284.236,402.714,293,486,279.244,388.556,276.953,378.832,267,331,6.47432,33.4643,12566,17485,8575.83,50.9699
654,198.704,137.489,11.1501,479.332,303.489,341.125,502,469,315.18,349.503,301.68,346.883,271,266,39.1184,32.876,124181,137704,6523.12,519.89
655,2.76779,147.104,11.0395,79.8789,262.95,380.151,278,463,267.675,408.9,268.977,408.625,256,343,5.07214,29.0267,10707,16356,8243.19,50.2418
656,119.329,158.983,11.5045,352.948,290.543,450.616,315,615,280.092,429.332,277.895,414.938,256,324,13.1325,58.8871,66662,102181,6828.62,351.835
657,6.66093,173.774,10.2136,345.667,306.821,531.743,319,594,285.097,432.057,283,419.215,255,309,14.0503,66.1017,84959,128753,8351.62,461.229
658,123.459,217.841,9.90925,398.685,267.659,295.527,352,461,295.386,367.745,292.867,362.875,265,304,14.2722,33.1235,74142,92304,5500.1,305.333
659,206.134,68.8612,13.1963,203.379,288.287,443.567,305,577,277.884,412.92,275.914,403.781,254,336,11.0727,46.7169,38348,56983,7484.93,176.609
660,22.289,97.252,12.9052,373.951,358.785,376.964,458,471,349.556,349.715,342.473,343.656,283,271,40.1263,42.6099,105566,105614,7785.08,467.08
661,11.9391,109.515,11.8331,599.795,435.727,380.766,601,572,371.338,353.532,349.438,335.105,279,261,72.2044,59.1576,199780,190200,7004.17,809.679
662,211.171,143.907,12.2382,596.776,488.864,1245.19,569,1777,332.098,631.351,299.527,499.582,254,270,73.498,328.62,247745,470988,8851.8,1141.66
663,170.679,153.475,14.3978,1280.08,711.056,603.553,954,823,413.163,375.387,365.242,340.684,272,254,130.755,99.1232,689983,626897,7045.38,2546.76
664,43.1692,172.129,13.1463,295.117,341.103,489.827,464,623,316.394,407.635,307.75,389.938,264,284,36.4912,72.6363,65810,84788,7756.23,325.643
665,15.7968,176.163,12.759,385.1,542.838,460.251,703,505,417.565,337.106,388.313,321.906,279,257,104.935,56.6516,172872,139562,9240.32,631.197
666,154.216,206.484,14.0567,530.399,547.066,1761.24,591,1913,323.881,625.104,297.891,478.43,253,288,70.983,338.826,214409,413819,9191.11,1012.12
667,91.3737,71.5262,14.6118,177.086,307.952,411.726,330,431,296.039,364.682,293.93,360.688,273,306,12.9857,27.1506,38189,47044,8783.2,182.402
668,184.269,202.93,17.5921,635.992,295.202,556.045,347,796,282.192,438.301,277.684,414.938,256,327,17.2119,80.2218,193019,299798,7541.29,987.688
669,111.346,204.485,15.6564,526.158,504.388,351.814,636,498,393.691,318.557,371.781,313,280,242,75.3283,41.7481,192121,155456,7609.52,753.327
670,241.34,140.064,8.76652,615.42,289.848,464.436,379,859,286.708,456.124,279.703,423.375,255,315,21.9952,103.541,198402,315638,7918.76,1011.62
671,246.424,160.435,9.19136,401.475,369.508,767.176,386,860,297.122,505.101,286.977,456.66,256,325,30.8844,141.837,123900,210627,8885.6,633.567
672,277.608,52.2199,11.4612,1287.97,843.55,561.798,1188,699,460.113,355.249,398.789,322.477,282,240,163.236,91.834,894459,690604,7779.8,2982.53
673,354.284,182.902,7.8665,1347.25,340.178,513.361,785,2346,387.111,470.731,358.984,362.734,253,248,98.94,302.817,772674,939580,7428.35,2977.04
674,380.798,38.8688,11.9711,780.515,809.544,561.529,961,583,450.445,343.539,399.063,320.5,295,247,136.791,73.2943,503597,384077,8873,1713.77
675,368.723,171.316,12.9888,287.149,324.737,336.585,385,431,323.205,350.916,319.82,344.859,282,283,24.2635,32.3885,69489,75447,7733.54,311.174
676,338.5,1.1142,15.1053,73.1034,286.694,334.772,389,401,318.933,327.633,312.688,322.953,278,266,35.7063,34.9318,9568,9829,5761.67,25.7042
677,308.037,146.451,15.6842,999.704,1966.98,1063.4,2711,1547,654.848,420.509,453.945,328.18,273,236,454.756,215.193,1147290,736731,9286.13,2659.7
678,308.731,198.088,14.27,190.827,389.87,342.093,425,428,351.09,321.708,341.813,315.988,304,273,29.7577,33.4025,50557,46326,8972.53,210.672
679,56.1849,275.39,9.67739,141.541,268.844,337.01,303,421,282.418,373.516,282.891,372.66,267,322,6.98384,20.7457,25700,33990,6874.69,90.2565
680,28.8684,284.676,9.4305,105.897,281.697,380.336,293,418,277.625,376.681,275.895,377.688,264,332,7.53038,20.707,19989,27121,8959.38,86.8997
681,3.13841,295.319,8.46586,71.354,290.933,378.549,306,496,284.842,386.711,282.938,374.5,270,334,7.94903,37.854,10824,14695,7066.57,33.6678
682,19.7278,304.422,9.64213,427.866,324.545,540.646,351,653,292.131,423.536,286.965,399.586,254,327,18.9047,72.2449,98156,142308,6696.45,456.039
683,1.12302,384.492,8.84893,44.4812,296.22,365.727,306,418,290.9,369.3,288.984,363.871,273,325,8.96076,25.1777,5818,7386,7551.48,18.3057
684,50.1122,400.797,13.6394,1366.96,456.706,441.847,702,638,366.927,363.154,336.668,350.809,267,249,79.725,62.352,727984,720498,7223.44,2917.6
685,6.29873,406.011,13.0721,733.727,1684.39,552.93,3951,1226,847.799,399.524,492.273,335.375,277,226,761.464,171.068,715542,337198,7733.28,1270.93
686,195.294,280.544,14.2793,789.965,440.053,1122.6,607,1897,328.311,610.315,299.148,484.75,252,283,72.0948,315.581,326998,607874,8189.88,1547.4
687,212.242,386.101,15.982,1134.48,715.899,2086.52,1054,3260,371.98,710.079,316.5,503.949,254,283,141.405,520.04,731685,1396730,8699.25,2915.34
688,198.104,394.347,12.8999,854.326,560.53,1389.89,724,1944,345.104,596.855,305.406,456.188,254,288,92.4039,324.765,366500,633860,7879.93,1642.45
689,221.156,350.036,16.9756,1654.15,507.791,1249.87,838,2456,358.128,677.186,313.313,505.492,254,285,107.69,405.129,976974,1847360,7506.79,4114.52
690,105.247,390.668,13.6524,96.6334,367.468,319.783,424,359,345.233,314.517,336.813,314.848,304,270,28.8047,22.2542,20714,18871,9108.68,77.6511
691,240.866,275.916,9.09304,366.488,315.842,548.099,376,911,291.602,480.477,285.723,446.926,255,314,24.7722,117.358,95354,157116,8269.74,496.138
692,224.965,315.454,8.30893,97.7418,278.441,371.352,285,407,273.981,371.942,273.949,369.703,262,330,6.30481,16.2954,14247,19341,7690.62,61.2825
693,313.46,313.905,9.17417,501.507,431.187,363.308,496,503,361.574,345.364,347.203,338.688,282,264,52.5879,44.1775,169940,162321,7710.91,715.068
694,372.503,349.381,8.38716,179.504,281.238,345.585,309,520,282.906,391.292,281.93,386.523,267,319,8.09337,36.3809,27159,37564,6239.62,111.461
695,369.701,369.066,8.79455,228.716,300.118,391.709,328,552,292.692,389.189,290.895,381.891,269,324,12.3835,39.4573,49465,65773,7863.2,226.786
696,243.153,291.325,11.9085,989.517,670.583,1994.22,843,3059,347.167,676.562,300.016,475.746,254,292,112.875,488.964,439514,856527,7598.1,1938.5
697,262.122,304.175,9.54715,809.128,693.74,2180.36,952,3172,341.616,646.837,296.688,445.688,253,276,110.562,470.658,338541,641015,7841.65,1502.83
698,270.208,336.938,10.1904,636.116,473.655,1225.21,536,1382,327.056,575.556,301.922,475.918,252,293,64.4353,252.377,255431,449509,8545.11,1191.67
699,407.455,340.715,10.455,67.6324,277.519,340.572,287,428,274.675,374.275,273.973,371.809,264,323,5.76831,25.8575,10987,14971,6721.42,28.8203
700,261.194,265.761,12.518,820.161,573.434,1435.49,798,2720,357.959,661.581,321.047,474.648,248,274,101.572,429.201,406284,750895,8549.05,1745.82
701,252.157,313.472,13.7271,607.499,577.719,1754.77,611,2108,337.711,635.311,300.547,476.438,253,292,85.6994,369.905,260375,489825,8907.87,1183.73
702,241.918,320.302,16.7936,71.2026,279.605,372.828,289,430,280.579,380.763,281.953,382.891,267,340,5.48975,22.729,10662,14469,8757.47,46.3005
703,398.668,352.675,14.427,200.009,279.66,338.838,305,420,285.117,367.216,283.906,365.625,269,304,7.91574,22.1942,31648,40761,6376.29,135.426
704,271.986,250.908,14.0378,534.15,445.427,423.914,464,517,351.412,352.739,341.281,340.906,277,272,40.1349,47.4044,153567,154147,7107.25,695.538
705,261.83,319.417,13.957,414.164,293.358,403.504,536,1461,309.267,515.092,291.938,427.625,252,280,53.1459,215.138,107625,179252,7633.92,528.633
706,254.435,329.378,14.8215,526.189,744.659,2382.39,900,3030,375.072,767.759,307.688,490.234,252,275,140.695,576.781,249048,509792,9315.64,1020.48
707,393.826,337.402,14.9699,74.1642,273.692,388.856,296,521,283.406,410.469,284.953,398.641,268,330,7.88145,49.231,9069,13135,8156.69,44.2422
708,356.136,361.452,15.736,375.537,471.823,308.089,531,389,384.035,293.186,373.992,290.945,300,235,52.3625,26.663,109450,83558,7217.65,419.611
709,276.109,366.869,16.0212,259.93,318.772,345.688,330,431,301.644,348.098,300.93,345.84,269,302,13.2598,22.947,58519,67531,7686.69,265.563
710,381.148,396.163,16.3326,368.12,277.981,330.168,395,713,301.074,441.323,293.945,416.43,265,307,26.4152,87.8095,93333,136810,7827.73,459.951
711,26.1122,10.0471,17.963,334.372,283.307,555.778,308,702,272.398,465.126,270.844,446.801,250,345,10.8561,86.8481,84171,143724,8628.03,460.772
712,47.5249,17.4044,16.5479,355.907,281.566,460.902,289,556,271.306,419.375,270.953,414.848,254,337,7.70085,43.3885,86818,134200,8107.27,460.884
713,103.861,30.5527,17.5377,546.1,539.148,439.734,567,502,368.149,357.799,350.051,351.961,270,272,65.2167,47.5101,207268,201441,8136,880.641
714,77.1091,78.4422,16.0576,121.342,296.321,370,301,414,286.662,369.324,286,365.961,269,328,7.7917,20.1347,20353,26222,7310.78,78.5666
715,111.219,94.949,17.5544,735.596,343.648,386.255,522,610,329.39,374.783,314.719,361.641,258,270,50.5834,61.6422,214433,243984,6263.64,929.98
716,190.255,104.201,16.6688,532.246,504.634,364.692,672,427,398.273,310.736,375.691,304.938,283,241,79.2472,37.8446,227414,177430,8130.55,846.49
717,27.4983,106.186,16.8548,443.973,494.61,460.585,528,530,355.406,365.327,337.063,351.582,268,269,57.2572,56.8251,148915,153072,8040.12,634.165
718,201.542,151.968,17.8805,1109.3,654.714,2192.95,699,2351,335.44,648.491,303.5,480.453,251,269,80.4899,389.932,516913,999324,7678.07,2337.35
719,148.377,161.103,17.0943,389.874,314.788,377.114,378,493,315.023,371.373,308.699,361.75,265,293,23.4724,45.9342,95452,112526,7272.03,448.893
720,70.5448,198.235,16.9709,729.246,1029.42,618.016,1499,898,504.994,369.086,403.805,324,280,242,237.706,114.408,473684,346203,8525.19,1457.61
721,86.1931,203.022,16.4309,406.269,461.937,318.891,711,471,395.228,325.149,375.844,315.773,271,249,90.9623,47.0703,124892,102747,7330.21,483.246
722,99.8945,206.555,16.6981,642.416,418.533,330.883,772,557,405.013,334.053,387.992,322.25,278,244,85.035,56.2586,243818,201100,7557.08,1005.84
723,219.842,211.565,17.2028,805.132,295.377,475.155,488,1288,302.298,522.832,288.801,454.57,253,291,42.4775,200.234,266022,460092,7310.01,1342.62
724,184.555,219.926,17.8668,553.198,431.571,1108.02,450,1240,297.411,508.745,284.551,440.781,253,310,38.5748,184.978,171309,293037,7883.51,856.395
725,30.3341,34.2923,19.7221,455.094,297.954,575.379,318,663,274.666,454.306,270.984,436.578,250,326,13.979,73.1344,106845,176725,7379.73,578.742
726,181.635,50.4267,19.1605,157.271,290.401,473.148,302,553,276.244,429.622,275.984,416.18,257,342,9.88723,51.755,32873,51125,9458.75,170.608
727,143.834,103.399,18.3784,578.547,506.731,707.036,1045,908,364.528,459.007,315.484,417.375,257,280,131.203,129.416,263554,331862,9017.78,1120.55
728,179.138,113.472,17.8499,742.748,1246.93,716.157,1375,822,525.944,367.026,423.766,321.992,283,248,244.303,115.259,560656,391250,8885.66,1594.3
729,44.9612,152.586,18.5069,508.155,585.389,439.527,636,484,386.857,312.534,367.977,302.125,298,244,67.1575,40.0806,214319,173144,8302.29,814.826
730,219.53,156.319,19.2844,597.828,383.352,924.066,411,1092,295.446,491.481,284.664,441.492,254,299,31.9306,145.786,212721,353866,8420.07,1061.97
731,51.5619,205.875,19.9358,73.8105,272.626,378.122,279,419,271.78,376.683,270.961,374.84,265,334,3.6394,19.5665,11143,15444,7080.97,35.5296
732,34.9844,67.9072,19.4885,732.179,308.536,435.262,335,699,285.875,417.611,281.984,403.609,257,301,17.0399,66.3782,203543,297339,6784.72,1041.11
733,55.1428,151.284,20.4309,218.302,438.678,343.785,473,378,366.006,291.784,354.406,286.945,308,252,39.0305,24.6017,62587,49895,8628.85,243.103
734,185.008,152.158,21.1587,520.792,368.972,944.369,467,1404,319.3,567.422,306.219,481.828,257,258,45.1975,242.287,180085,320026,8082.11,812.002
735,84.2828,194.062,20.0034,388.391,320.584,652.073,344,706,289.296,461.137,282.813,435.336,255,296,21.5534,98.479,88814,141569,7278.43,446.926
736,108.993,52.9654,20.1949,1041.57,789.952,516.007,1310,915,510.862,404.263,421.531,357.539,257,245,225.866,121.214,830662,657332,8254.37,2370.46
737,174.537,182.244,20.1295,544.476,313.754,532.606,339,702,287.296,455.168,283.906,438.984,253,330,18.2126,79.7732,188466,298590,8427.77,924.295
738,122.468,197.208,22.2643,208.801,279.416,394.555,295,478,274.698,403.325,275.875,401.473,259,335,7.519,36.216,34612,50819,7745.28,193.387
739,315.537,22.0228,17.748,547.638,420.46,1228.09,453,1422,300.316,550.833,283.352,442.176,251,317,41.8614,237.462,197908,362999,8813.21,997.048
740,312.498,103.565,16.2251,445.394,352.755,882.488,376,899,295.028,501.751,286.883,457.965,254,320,26.524,131.303,145449,247363,8964.1,750.154
741,222.255,117.709,16.0925,1069.89,460.727,1127.96,963,1717,372.321,511.107,321.375,404.383,255,256,118.071,266.282,551035,756439,7719.17,2231.72
742,381.746,126.892,18.1457,54.24,308.249,337.871,316,359,305.848,321.152,304.926,316.797,295,286,4.80675,19.1993,10093,10598,8942.57,31.7649
743,272.455,149.227,18.107,628.346,601.968,2018.18,712,2434,348.526,744.721,301.422,537.719,251,286,105.716,492.295,303915,649397,9320.13,1332.62
744,236.68,195.991,16.1039,1752.75,475.094,1345.6,704,2323,323.219,622.419,292.609,481.754,252,300,73.3085,345.401,1048850,2019750,7856.71,4805.24
745,277.157,216.212,17.8177,400.499,342.508,725.936,383,874,299.46,500.54,291,459.25,255,321,30.0994,133.87,125773,210227,8877.96,630.443
746,255.764,104.335,19.6753,78.0309,259.894,381.616,278,446,266.791,387.023,266.984,383.75,258,350,4.6877,20.9634,11472,16642,7543.24,42.463
747,358.648,61.2227,20.2281,169.921,264.932,359.956,295,454,274.313,386.798,273.945,383.816,260,341,7.69913,25.1019,27157,38293,6528.38,109.863
748,237.66,100.617,20.8858,198.103,282.084,429.224,310,522,280.303,403.676,277.906,397.605,258,329,11.1044,42.5768,39803,57322,8340.88,199.723
749,229.28,160.126,19.4833,625.243,342.528,772.09,383,866,293.062,488.877,284.563,453.75,257,322,26.0914,122.741,235622,393057,8419.05,1135.64
750,384.108,177.862,20.1993,287.789,315,565.311,357,676,289.234,446.502,282.75,431.367,261,314,20.4914,77.3161,69127,106714,8333.41,349.236
751,243.04,113.615,21.4692,390.234,337.747,812.472,377,1114,296.083,514.08,285.777,447.758,256,317,28.4914,162.68,125539,217970,8886.65,607.251
752,346.926,166.088,22.0104,322.589,389.773,857.634,532,1455,325.665,582.536,304.785,482.805,251,292,59.0333,264.339,103887,185829,8873.89,455.428
753,204.18,224.371,16.5225,429.827,336.371,603.061,389,1009,297.082,488.586,288.5,457.82,255,307,26.7217,125.922,119724,196900,8173.19,619.158
754,197.455,235.459,17.0164,753.057,427.561,1112.72,487,1333,310.567,553.126,290.406,466.281,254,301,49.7942,220.948,248143,441948,7356.06,1225.98
755,81.4913,319.919,17.1767,246.325,326.632,469.731,371,590,308.057,410.175,301.617,394.133,264,316,23.3049,65.6314,59763,79574,8144.66,267.206
756,28.2854,354.667,16.3518,631.927,396.423,391.96,516,468,358.928,341.511,344.691,331.492,271,266,51.1361,42.613,235098,223690,7447.19,959.982
757,217.756,403.236,16.0706,189.431,312.692,462.387,327,523,294.699,408.211,294.762,406.32,264,317,16.5367,50.1332,36248,50210,7955.46,173.96
758,188.923,229.345,20.5053,661.908,369.622,842.026,430,1050,305.014,522.954,293.875,473.016,254,304,35.845,161.841,233641,400583,7777.5,1098.32
759,188.511,359.569,20.2636,379.408,304.647,455.04,313,485,283.685,390.219,281.938,382.5,257,325,11.3288,35.1724,103545,142430,8081.63,504.874
760,161.766,392.063,18.3399,234.816,287.744,360.812,323,494,289.638,382.89,287.883,372.922,265,330,12.8236,36.003,47211,62411,7068.27,201.065
761,26.5995,406.902,18.2966,195.675,574.192,370.147,641,421,426.409,306.939,395.016,295.855,295,244,97.4318,41.8867,56286,40516,7937.81,182.024
762,59.6715,407.105,20.0485,105.421,436.44,344.108,595,431,384.034,324.638,361.484,315.441,290,260,75.8858,44.8394,22274,18829,8517.98,80.0146
763,71.6274,235.8,21.2149,260.046,298.983,437.86,319,561,284.117,415.417,280.938,395.352,261,328,13.5229,54.5646,63358,92638,8657.12,317.621
764,70.2636,246.843,20.1381,150.968,287.653,461.459,324,599,281.804,425.041,277.98,407.617,261,337,14.3235,59.5753,27335,41229,8341.05,132.872
765,106.411,252.357,20.6277,706.076,608.697,1978.33,751,2755,347.938,730.54,306.754,522,250,291,104.262,497.29,344111,722504,8621.13,1412.2
766,197.885,254.567,20.3497,425.89,504.298,1432.38,563,1934,329.998,650.597,300.129,523.766,250,293,73.1728,345.313,169619,334407,9423.6,756.041
767,103.479,386.792,20.6244,117.341,274.332,357.143,303,448,285.348,377.121,285.984,369.484,270,314,7.67817,28.5198,18833,24890,7477.86,77.2881
768,17.3622,283.635,22.1237,158.143,287.273,400.506,299,457,280.956,375.451,279.922,369.598,266,332,7.07294,25.4168,31748,42426,8541.67,147.626
769,254.06,287.845,17.4324,818.64,545.025,1612.71,619,1982,335.958,560.239,319.379,417.578,252,285,66.4935,313.13,357123,595534,8209.37,1638.24
770,283.054,284.515,15.6596,736.351,528.884,1257.45,741,2102,347.46,630.058,316.625,484.625,256,278,87.8259,359.021,333214,604226,8524.79,1478.86
771,358.159,389.072,17.3852,399.604,456.178,1015.95,503,1227,335.378,537.888,311.613,465.293,264,294,60.6749,199.737,143877,230754,9087.18,650.672
772,302.756,318.848,18.5619,725.93,497.762,1219.3,605,1634,324.439,558.991,293.703,435.328,257,294,72.9691,281.187,274475,472906,7866.22,1283.11
773,372.467,366.361,19.6209,315.22,544.831,343.568,579,394,383.116,288.82,364.871,283.914,292,240,57.1026,29.2179,102292,77115,7801.57,362.634
774,332.131,388.942,19.0709,75.7662,279.925,357.605,290,416,281.024,372.071,280.977,370.844,269,331,5.84981,20.8888,11803,15627,7473.46,40.0654
775,277.617,256.363,21.7264,208.688,304.024,486.92,348,683,290.545,436.09,285.781,417.078,260,317,18.5573,76.8679,45325,68030,8489.49,221.739
776,293.88,307.865,21.4269,240.642,319.778,612.481,342,771,294.033,470.047,289.793,445.211,261,325,21.1999,98.4713,62629,100120,9409.41,320.388
777,238.45,311.089,21.1865,337.471,307.338,544.505,360,744,291.376,450.647,286.617,430.367,259,310,20.2129,88.9908,89161,137898,8593.22,464.369
778,276.634,397.329,20.9823,150.951,288.302,375.292,307,437,284.971,368.923,284.898,366.816,266,324,9.06308,24.4709,29637,38368,7846.93,121.22
779,130.662,19.0018,22.8576,512.673,737.339,518.988,1023,777,497.421,406.869,433.824,370.449,280,254,187.842,117.992,295468,241680,8490.71,853.986
780,4.27906,42.4443,23.4855,125.62,271.727,460.293,277,476,267.533,402.222,266.969,395.563,253,344,4.71754,34.7412,24078,36200,8105.63,96.615
781,21.8951,44.3773,19.6612,861.725,360.134,340.681,627,516,364.683,359.793,341.715,355.383,260,249,79.3428,50.8606,343167,338565,6766.23,1323.88
782,130.588,66.0251,23.4217,61.263,274.906,323.065,294,403,281.029,355.429,279.984,353.859,271,329,5.43293,16.3924,9836,12440,7531.48,29.4708
783,176.575,79.2231,24.0933,100.841,306.645,343.174,325,409,299.537,356.582,297.906,350.992,274,310,12.7561,23.1485,20069,23891,7319.58,59.6289
784,16.5308,83.7879,24.47,119.947,333.176,299.175,368,361,341.139,310.181,342.852,309.684,310,274,15.8546,23.5151,24562,22333,6260.32,61.1861
785,122.441,85.543,21.4467,778.691,459.5,396.309,641,591,389.994,359.017,366.359,347.953,269,251,80.0874,61.6587,340465,313422,7095.47,1221.22
786,201.967,88.5738,23.5203,261.68,318.246,600.614,430,1105,310.108,508.341,296.871,435.625,257,289,39.6687,181.896,71945,117935,8250.08,298.275
787,219.676,89.2551,24.3596,125.273,331.552,340.571,391,355,334.84,307.284,331.875,306.844,303,263,19.4023,23.5124,27122,24890,5797.65,58.2023
788,161.386,94.5923,21.936,968.352,357.125,376.794,994,811,395.366,388.191,334.387,359.25,263,255,142.341,97.5106,438065,430116,6782.03,1582.57
789,2.75831,154.517,24.5461,59.8694,312.965,322.401,348,368,320.486,333.371,320.813,328.898,288,298,15.6157,19.1358,11217,11668,6677.03,23.766
790,214.936,166.014,23.4639,327.377,284.904,470.35,320,675,280.034,431.668,278,415.234,256,325,13.8725,75.1293,64968,100147,6527.53,293.744
791,64.0119,172.454,23.0449,101.823,281.508,330.154,310,423,295.787,352.574,295.938,346.637,280,310,7.60465,23.0364,18043,21507,6540.01,51.0986
792,119.379,204.854,24.0015,143.497,268.093,358.803,291,471,277.079,396.408,276.949,393.59,258,338,7.9799,30.4468,21058,30127,5819.36,71.7545
793,166.452,204.775,20.8727,425.66,267.056,368.302,344,866,279.83,432.85,274.816,399.359,255,323,17.0033,94.3878,98780,152796,6728.93,455.813
794,161.644,210.79,23.6367,166.71,285.798,400.219,360,734,291.664,455.449,283.711,405.75,255,330,24.517,107.507,31208,48733,7587.98,133.784
795,196.768,215.485,18.1401,1085.78,375.585,891.556,592,1947,312.881,581.166,292.727,486.375,253,307,55.7504,268.761,511873,950788,8011.19,2412.29
796,274.914,4.97758,24.2212,253.984,351.711,287.928,458,373,356.541,296.851,351.715,291.906,297,253,34.0958,21.6824,64534,53730,5921.13,173.416
797,288.578,13.6192,24.6437,73.2637,307.622,283.062,407,355,345.209,305.349,340.773,302.875,309,259,26.9442,22.7583,14844,13130,5565.64,24.4838
798,403.551,31.5085,24.5891,67.633,272.147,401.413,297,483,280,405.275,278,396.672,265,353,8.31264,34.9764,11200,16211,6471.66,27.2293
799,393.009,32.9398,24.4489,69.7384,284.6,433.602,307,614,283.275,438.725,282.949,416.344,260,339,13.0271,72.4545,11331,17549,7453.38,35.238
800,396.74,48.5041,24.0087,160.013,289.696,464.373,331,704,289.313,468.348,283.984,437.938,263,317,18.3324,102.257,32403,52455,7788.08,130.814
801,389.713,57.5664,22.9845,271.965,324.763,641.892,342,722,289.966,469.667,285.898,448.547,256,315,21.0543,100.991,75681,122583,8448.78,327.518
802,395.828,65.5324,23.7061,218.745,311.473,566.937,389,894,298.942,494.626,291.5,446.953,259,316,30.1746,138.883,51119,84581,8208.86,226.259
803,349.147,75.3568,24.6922,48.5282,266.307,361.934,290,462,274.621,398.621,272,394.813,266,362,6.72827,22.6037,7964,11560,5788.39,13.9992
804,391.153,78.0979,23.8841,166.449,279.806,415.235,313,562,278.684,412.529,275.813,398.523,257,337,12.3808,49.6556,37901,56104,7658.74,135.341
805,383.754,92.4094,23.7792,280.358,283.575,417.08,343,765,287.467,464.495,282.867,428.32,257,323,18.6637,105.566,60368,97544,6877.7,251.772
806,371.411,117.568,23.8631,251.991,317.902,621.883,377,892,296.73,502.838,287.668,460.75,256,317,30.5998,144.614,60533,102579,7709.71,254.629
807,377.944,131.342,24.3233,54.3723,274.841,361.111,299,460,283.355,398.742,282.852,393.73,260,343,10.181,31.8209,8784,12361,7335,23.6832
808,339.153,139.501,24.182,185.463,282.185,399.142,340,682,286.653,446.727,283.75,441.813,260,346,16.3098,68.6011,34685,54054,6832.84,134.142
809,233.667,143.174,21.2027,955.943,335.307,690.992,409,1088,294.031,493.213,283.469,443.234,253,302,29.1022,144.295,336372,564236,6868.73,1582.11
810,319.823,159.515,23.8758,253.66,284.254,430.617,506,1525,301.2,527.59,285.5,436.773,254,319,45.739,229.205,58734,102880,7481.45,245.828
811,335.773,162.546,22.7563,298.816,462.925,387.264,539,483,370.183,339.004,358.594,332.301,288,260,56.1176,41.5662,99209,90853,7908.96,341.632
812,139.241,250.77,24.5443,167.693,271.574,341.036,298,509,278.863,399.814,277.891,390.766,265,321,7.11872,42.8897,28444,40781,5133.43,75.1031
813,70.6021,277.575,23.8906,353.934,399.954,405.472,614,582,401.14,373.318,386.156,355.594,297,267,74.131,69.6803,117133,109009,7221.54,384.239
814,204.375,282.26,23.2652,201.118,281.656,468.352,299,581,278.402,406.817,277.906,396.672,254,330,8.71153,46.9689,45658,66718,7994.38,191.703
815,219.726,310.709,20.3765,842.847,317.833,509.657,742,2309,326.824,581.094,286.453,408.922,252,299,92.0669,380.89,286298,509038,6616.07,1238.22
816,32.1563,381.948,23.88,243.734,413.278,298.621,562,345,385.242,280.881,366.32,277.969,320,235,56.8032,21.9776,74737,54491,7280.38,222.27
817,34.2191,406.523,23.1122,286.817,636.168,354.493,1705,573,619.846,319.894,452.066,287.297,292,228,347.943,74.0014,140705,72616,7911.53,321.418
818,306.886,303.136,23.1439,229.455,284.066,439.839,303,522,280.297,401.313,279.969,389.383,259,328,8.79915,41.6909,51014,73039,7695.59,220.64
819,279.621,328.759,24.4542,79.2743,275.284,419.807,301,534,284.681,412.702,285.992,402.516,267,336,8.66662,55.4161,13380,19397,7233.69,40.8331
820,353.443,333.429,24.0806,169.152,293.207,432.217,346,645,294.546,423.227,289.996,395.953,265,323,18.8978,76.1066,35051,50364,7165.5,125.475
821,230.343,340.291,21.998,624.144,315.301,548.421,497,1174,314.777,522.621,299.188,466.313,257,303,48.3538,183.396,214993,356950,7626.93,976.621
822,297.279,344.089,24.4879,97.5592,294.056,448.285,329,635,289.389,448.167,283.965,420.547,268,330,15.1711,89.1206,15627,24201,7153.28,54.8194
823,276.733,345.845,23.8377,171.45,312.955,512.586,374,806,298.791,461.155,289.781,420.148,264,317,27.4311,114.831,38544,59489,8318.6,160.16
824,331.791,356.885,22.6367,363.216,410.437,845.514,483,1228,326.654,534.997,309.48,468.391,262,302,54.0309,201.014,111389,182434,8054.53,470.522
825,282.574,378.856,23.1272,473.501,320.724,526.352,446,1081,303.298,462.134,292.797,424.789,261,296,36.142,133.784,144370,219976,7442.24,622.028
826,279.179,407.922,23.7062,68.7439,269.493,353.853,375,695,302.97,445.727,292.898,422.793,262,310,30.3249,100.996,9998,14709,6647.96,29.0508
